Equipment,Equipment ID,Current,Previous,Collection Date,% Change
Air Compressors,30 KW,1.12,0,3/31/2022 14:05,inf
Air Compressors,30 KW,0.0288,0,3/31/2022 14:05,inf
Air Compressors,30 KW,0.57,0,3/31/2022 14:05,inf
Air Compressors,30 KW,0.488,0,3/31/2022 14:05,inf
Air Compressors,30 KW,2.98,0,3/31/2022 14:01,inf
Air Compressors,30 KW,0.0534,0,3/31/2022 14:01,inf
Air Compressors,30 KW,0.359,0,3/31/2022 14:01,inf
Air Compressors,30 KW,0.248,0,3/31/2022 14:01,inf
Air Compressors,30 KW,1.48,0,3/31/2022 14:00,inf
Air Compressors,30 KW,0.0192,0,3/31/2022 14:00,inf
Air Compressors,30 KW,0.9,0,3/31/2022 14:00,inf
Air Compressors,30 KW,0.86,0,3/31/2022 14:00,inf
Air Compressors,30 KW,0.205,0,3/31/2022 14:04,inf
Air Compressors,30 KW,0.00222,0,3/31/2022 14:04,inf
Air Compressors,30 KW,0.367,0,3/31/2022 14:04,inf
Air Compressors,30 KW,0.384,0,3/31/2022 14:04,inf
Air Compressors,30 KW,1.06,0,3/31/2022 14:04,inf
Air Compressors,30 KW,0.02,0,3/31/2022 14:04,inf
Air Compressors,30 KW,0.373,0,3/31/2022 14:04,inf
Air Compressors,30 KW,0.305,0,3/31/2022 14:04,inf
Air Compressors,30 KW,0.804,0,3/31/2022 14:00,inf
Air Compressors,30 KW,0.00789,0,3/31/2022 14:00,inf
Air Compressors,30 KW,0.358,0,3/31/2022 14:00,inf
Air Compressors,30 KW,0.295,0,3/31/2022 14:00,inf
Air Compressors,SULLAIR 100,1.07,1.86,3/31/2022 14:07,-42.473118279569896
Air Compressors,SULLAIR 100,0.0262,0.0375,3/31/2022 14:07,-30.13333333333333
Air Compressors,SULLAIR 100,0.0914,0.0773,3/31/2022 14:07,18.24062095730919
Air Compressors,SULLAIR 100,0.0198,0.0226,3/31/2022 14:07,-12.389380530973439
Air Compressors,SULLAIR 100,1.0,1.3,3/31/2022 14:08,-23.076923076923077
Air Compressors,SULLAIR 100,0.0254,0.0378,3/31/2022 14:08,-32.80423280423281
Air Compressors,SULLAIR 100,0.0991,0.103,3/31/2022 14:08,-3.7864077669902922
Air Compressors,SULLAIR 100,0.058,0.0752,3/31/2022 14:08,-22.872340425531913
Air Compressors,SULLAIR 100,0.79,0.779,3/31/2022 14:08,1.412066752246471
Air Compressors,SULLAIR 100,0.01,0.011,3/31/2022 14:08,-9.090909090909085
Air Compressors,SULLAIR 100,0.103,0.105,3/31/2022 14:07,-1.9047619047619067
Air Compressors,SULLAIR 100,0.0756,0.0431,3/31/2022 14:07,75.4060324825986
Air Compressors,SULLAIR 100,1.23,0.783,3/31/2022 14:07,57.08812260536398
Air Compressors,SULLAIR 100,0.0282,0.0414,3/31/2022 14:07,-31.884057971014496
Air Compressors,SULLAIR 100,0.0571,0.107,3/31/2022 14:07,-46.63551401869159
Air Compressors,SULLAIR 100,0.0331,0.0299,3/31/2022 14:07,10.702341137123739
Air Compressors,SULLAIR 100,1.0,1.21,3/31/2022 14:07,-17.355371900826444
Air Compressors,SULLAIR 100,0.0164,0.0171,3/31/2022 14:07,-4.093567251461984
Air Compressors,SULLAIR 100,0.0833,0.0674,3/31/2022 14:07,23.590504451038573
Air Compressors,SULLAIR 100,0.0529,0.0184,3/31/2022 14:07,187.50000000000003
Air Compressors,SULLAIR 100,1.04,1.05,3/31/2022 14:03,-0.9523809523809532
Air Compressors,SULLAIR 100,0.0184,0.0142,3/31/2022 14:03,29.57746478873238
Air Compressors,SULLAIR 100,0.0965,0.103,3/31/2022 14:03,-6.310679611650478
Air Compressors,SULLAIR 100,0.0369,0.0495,3/31/2022 14:03,-25.454545454545453
Air Compressors,SULLAIR 150,1.99,3.27,3/31/2022 13:47,-39.14373088685015
Air Compressors,SULLAIR 150,0.106,0.249,3/31/2022 13:47,-57.42971887550201
Air Compressors,SULLAIR 150,0.11,0.26,3/31/2022 13:47,-57.6923076923077
Air Compressors,SULLAIR 150,0.0357,0.0399,3/31/2022 13:47,-10.526315789473674
Air Compressors,SULLAIR 150,3.27,1.8,3/31/2022 13:47,81.66666666666667
Air Compressors,SULLAIR 150,0.0567,0.0591,3/31/2022 13:47,-4.060913705583755
Air Compressors,SULLAIR 150,0.119,0.146,3/31/2022 13:47,-18.493150684931507
Air Compressors,SULLAIR 150,0.0372,0.0344,3/31/2022 13:47,8.139534883720922
Air Compressors,SULLAIR 150,2.05,4.6,3/31/2022 13:46,-55.434782608695656
Air Compressors,SULLAIR 150,0.0898,0.21,3/31/2022 13:46,-57.238095238095234
Air Compressors,SULLAIR 150,0.164,0.412,3/31/2022 13:46,-60.19417475728155
Air Compressors,SULLAIR 150,0.0455,0.0538,3/31/2022 13:46,-15.4275092936803
Air Compressors,SULLAIR 150,0.739,0.45,3/31/2022 13:51,64.22222222222221
Air Compressors,SULLAIR 150,0.0215,0.01,3/31/2022 13:51,114.99999999999997
Air Compressors,SULLAIR 150,0.135,0.0916,3/31/2022 13:51,47.37991266375547
Air Compressors,SULLAIR 150,0.0763,0.06,3/31/2022 13:51,27.166666666666682
Air Compressors,SULLAIR 150,1.11,1.71,3/31/2022 13:51,-35.08771929824561
Air Compressors,SULLAIR 150,0.00861,0.0381,3/31/2022 13:51,-77.40157480314961
Air Compressors,SULLAIR 150,0.283,0.319,3/31/2022 13:51,-11.285266457680262
Air Compressors,SULLAIR 150,0.245,0.304,3/31/2022 13:51,-19.407894736842106
Air Compressors,SULLAIR 150,1.07,0.898,3/31/2022 13:51,19.153674832962142
Air Compressors,SULLAIR 150,0.012,0.0279,3/31/2022 13:51,-56.98924731182796
Air Compressors,SULLAIR 150,0.232,0.114,3/31/2022 13:51,103.50877192982458
Air Compressors,SULLAIR 150,0.195,0.0297,3/31/2022 13:51,556.5656565656566
Air Compressors,SULLAIR 50,1.48,2.18,3/31/2022 14:01,-32.11009174311927
Air Compressors,SULLAIR 50,0.0422,0.0681,3/31/2022 14:01,-38.03230543318648
Air Compressors,SULLAIR 50,0.138,0.0687,3/31/2022 14:01,100.87336244541487
Air Compressors,SULLAIR 50,0.0423,0.0237,3/31/2022 14:01,78.48101265822784
Air Compressors,SULLAIR 50,0.974,1.23,3/31/2022 14:02,-20.8130081300813
Air Compressors,SULLAIR 50,0.0322,0.041,3/31/2022 14:02,-21.463414634146346
Air Compressors,SULLAIR 50,0.166,0.0671,3/31/2022 14:02,147.39195230998507
Air Compressors,SULLAIR 50,0.0985,0.026,3/31/2022 14:02,278.84615384615387
Air Compressors,SULLAIR 50,1.19,1.52,3/31/2022 14:01,-21.710526315789476
Air Compressors,SULLAIR 50,0.0433,0.0665,3/31/2022 14:01,-34.88721804511279
Air Compressors,SULLAIR 50,0.0908,0.0588,3/31/2022 14:01,54.42176870748301
Air Compressors,SULLAIR 50,0.0473,0.0303,3/31/2022 14:01,56.10561056105611
Air Compressors,SULLAIR 50,0.128,0.219,3/31/2022 14:00,-41.55251141552511
Air Compressors,SULLAIR 50,0.00136,0.0186,3/31/2022 14:00,-92.68817204301075
Air Compressors,SULLAIR 50,0.056,0.0384,3/31/2022 14:00,45.83333333333335
Air Compressors,SULLAIR 50,0.0321,0.0245,3/31/2022 14:00,31.02040816326529
Air Compressors,SULLAIR 50,0.166,0.238,3/31/2022 13:59,-30.252100840336126
Air Compressors,SULLAIR 50,0.00415,0.00932,3/31/2022 13:59,-55.47210300429185
Air Compressors,SULLAIR 50,0.0549,0.0432,3/31/2022 13:59,27.08333333333332
Air Compressors,SULLAIR 50,0.0372,0.0207,3/31/2022 13:59,79.71014492753622
Air Compressors,SULLAIR 50,0.21,0.252,3/31/2022 13:59,-16.66666666666667
Air Compressors,SULLAIR 50,0.00405,0.0121,3/31/2022 13:59,-66.52892561983471
Air Compressors,SULLAIR 50,0.0506,0.0408,3/31/2022 13:59,24.019607843137244
Air Compressors,SULLAIR 50,0.0288,0.0195,3/31/2022 13:59,47.692307692307686
Main Engine Room,HT-204,0.886,0.731,3/31/2022 13:19,21.20383036935705
Main Engine Room,HT-204,0.0378,0.035,3/31/2022 13:19,7.99999999999999
Main Engine Room,HT-204,0.348,0.367,3/31/2022 13:19,-5.177111716621258
Main Engine Room,HT-204,0.271,0.283,3/31/2022 13:19,-4.240282685512351
Main Engine Room,HT-204,0.627,0.324,3/31/2022 13:15,93.5185185185185
Main Engine Room,HT-204,0.0232,0.0121,3/31/2022 13:15,91.73553719008264
Main Engine Room,HT-204,0.525,0.467,3/31/2022 13:15,12.41970021413276
Main Engine Room,HT-204,0.471,0.394,3/31/2022 13:15,19.543147208121816
Main Engine Room,HT-204,0.569,1.16,3/31/2022 13:15,-50.94827586206897
Main Engine Room,HT-204,0.0233,0.0447,3/31/2022 13:15,-47.87472035794183
Main Engine Room,HT-204,0.212,0.152,3/31/2022 13:14,39.473684210526315
Main Engine Room,HT-204,0.142,0.0853,3/31/2022 13:14,66.47127784290737
Main Engine Room,HT-204,0.303,0.681,3/31/2022 13:14,-55.506607929515425
Main Engine Room,HT-204,0.0102,0.0275,3/31/2022 13:14,-62.90909090909091
Main Engine Room,HT-204,0.282,0.294,3/31/2022 13:14,-4.081632653061228
Main Engine Room,HT-204,0.234,0.354,3/31/2022 13:14,-33.89830508474576
Main Engine Room,HT-204,0.474,0.584,3/31/2022 13:14,-18.835616438356162
Main Engine Room,HT-204,0.0199,0.0228,3/31/2022 13:14,-12.719298245614032
Main Engine Room,HT-204,0.185,0.172,3/31/2022 13:14,7.558139534883729
Main Engine Room,HT-204,0.118,0.0788,3/31/2022 13:14,49.746192893401016
Main Engine Room,HT-204,1.03,0.285,3/31/2022 13:19,261.40350877192986
Main Engine Room,HT-204,0.00754,0.0022,3/31/2022 13:19,242.7272727272727
Main Engine Room,HT-204,0.186,0.136,3/31/2022 13:19,36.764705882352935
Main Engine Room,HT-204,0.0629,0.135,3/31/2022 13:19,-53.40740740740741
Main Engine Room,HT-204,3.14,1.62,3/31/2022 13:18,93.82716049382715
Main Engine Room,HT-204,0.0328,0.0117,3/31/2022 13:18,180.34188034188034
Main Engine Room,HT-204,0.235,0.157,3/31/2022 13:18,49.68152866242037
Main Engine Room,HT-204,0.138,0.157,3/31/2022 13:18,-12.10191082802547
Main Engine Room,HT-204,2.0,1.08,3/31/2022 13:19,85.18518518518518
Main Engine Room,HT-204,0.0147,0.00855,3/31/2022 13:19,71.92982456140349
Main Engine Room,HT-204,0.189,0.2,3/31/2022 13:19,-5.500000000000005
Main Engine Room,HT-204,0.15,0.138,3/31/2022 13:19,8.69565217391303
Main Engine Room,HT-204,0.839,0.385,3/31/2022 13:17,117.92207792207792
Main Engine Room,HT-204,0.00591,0.00282,3/31/2022 13:17,109.5744680851064
Main Engine Room,HT-204,0.295,0.235,3/31/2022 13:17,25.53191489361702
Main Engine Room,HT-204,0.198,0.144,3/31/2022 13:17,37.500000000000014
Main Engine Room,HT-204,1.0,0.471,3/31/2022 13:18,112.31422505307857
Main Engine Room,HT-204,0.00699,0.00325,3/31/2022 13:18,115.07692307692308
Main Engine Room,HT-204,0.18,0.142,3/31/2022 13:18,26.7605633802817
Main Engine Room,HT-204,0.09,0.0855,3/31/2022 13:18,5.26315789473683
Main Engine Room,HT-205,0.766,1.18,3/31/2022 13:10,-35.08474576271186
Main Engine Room,HT-205,0.0185,0.028,3/31/2022 13:10,-33.92857142857144
Main Engine Room,HT-205,0.311,0.289,3/31/2022 13:10,7.612456747404852
Main Engine Room,HT-205,0.166,0.216,3/31/2022 13:10,-23.14814814814814
Main Engine Room,HT-205,1.14,1.31,3/31/2022 13:11,-12.977099236641232
Main Engine Room,HT-205,0.0366,0.0393,3/31/2022 13:11,-6.87022900763359
Main Engine Room,HT-205,0.341,0.329,3/31/2022 13:11,3.6474164133738634
Main Engine Room,HT-205,0.189,0.206,3/31/2022 13:11,-8.252427184466015
Main Engine Room,HT-205,1.05,1.16,3/31/2022 13:12,-9.482758620689644
Main Engine Room,HT-205,0.0305,0.0342,3/31/2022 13:12,-10.818713450292403
Main Engine Room,HT-205,0.2,0.203,3/31/2022 13:12,-1.477832512315272
Main Engine Room,HT-205,0.141,0.138,3/31/2022 13:12,2.1739130434782425
Main Engine Room,HT-205,0.901,0.527,3/31/2022 13:11,70.96774193548386
Main Engine Room,HT-205,0.0274,0.0166,3/31/2022 13:11,65.06024096385542
Main Engine Room,HT-205,0.295,0.309,3/31/2022 13:11,-4.530744336569583
Main Engine Room,HT-205,0.176,0.196,3/31/2022 13:11,-10.20408163265307
Main Engine Room,HT-205,0.722,0.634,3/31/2022 13:12,13.880126182965293
Main Engine Room,HT-205,0.0184,0.0235,3/31/2022 13:12,-21.70212765957447
Main Engine Room,HT-205,0.272,0.258,3/31/2022 13:11,5.426356589147292
Main Engine Room,HT-205,0.174,0.168,3/31/2022 13:11,3.571428571428558
Main Engine Room,HT-205,2.71,1.59,3/31/2022 13:10,70.44025157232703
Main Engine Room,HT-205,0.034,0.016,3/31/2022 13:10,112.5
Main Engine Room,HT-205,0.438,0.462,3/31/2022 13:10,-5.194805194805199
Main Engine Room,HT-205,0.396,0.414,3/31/2022 13:10,-4.347826086956513
Main Engine Room,HT-205,2.32,3.34,3/31/2022 13:09,-30.538922155688624
Main Engine Room,HT-205,0.0254,0.0448,3/31/2022 13:09,-43.30357142857143
Main Engine Room,HT-205,0.2,0.167,3/31/2022 13:09,19.760479041916167
Main Engine Room,HT-205,0.119,0.0965,3/31/2022 13:09,23.316062176165794
Main Engine Room,HT-205,2.33,2.07,3/31/2022 13:10,12.560386473429963
Main Engine Room,HT-205,0.0249,0.0352,3/31/2022 13:10,-29.261363636363647
Main Engine Room,HT-205,0.36,0.411,3/31/2022 13:10,-12.40875912408759
Main Engine Room,HT-205,0.346,0.363,3/31/2022 13:10,-4.683195592286506
Main Engine Room,HT-205,1.92,1.35,3/31/2022 13:09,42.22222222222221
Main Engine Room,HT-205,0.0255,0.0212,3/31/2022 13:09,20.283018867924522
Main Engine Room,HT-205,0.319,0.345,3/31/2022 13:09,-7.536231884057962
Main Engine Room,HT-205,0.276,0.297,3/31/2022 13:09,-7.070707070707058
Main Engine Room,HT-205,0.334,0.37,3/31/2022 13:09,-9.729729729729723
Main Engine Room,HT-205,0.00492,0.0117,3/31/2022 13:09,-57.948717948717956
Main Engine Room,HT-205,0.157,0.187,3/31/2022 13:09,-16.0427807486631
Main Engine Room,HT-205,0.136,0.154,3/31/2022 13:09,-11.688311688311682
Main Engine Room,HT-207,0.643,0.483,3/1/2022 10:15,33.12629399585922
Main Engine Room,HT-207,0.0173,0.0143,3/1/2022 10:15,20.979020979020973
Main Engine Room,HT-207,0.168,0.173,3/1/2022 10:14,-2.890173410404611
Main Engine Room,HT-207,0.0715,0.0844,3/1/2022 10:14,-15.284360189573471
Main Engine Room,HT-207,0.708,0.346,3/1/2022 10:15,104.62427745664739
Main Engine Room,HT-207,0.0187,0.0115,3/1/2022 10:15,62.60869565217393
Main Engine Room,HT-207,0.188,0.143,3/1/2022 10:15,31.46853146853148
Main Engine Room,HT-207,0.145,0.0658,3/1/2022 10:15,120.36474164133737
Main Engine Room,HT-207,0.64,0.415,3/1/2022 10:16,54.216867469879524
Main Engine Room,HT-207,0.0187,0.013,3/1/2022 10:16,43.84615384615386
Main Engine Room,HT-207,0.122,0.169,3/1/2022 10:16,-27.810650887573974
Main Engine Room,HT-207,0.094,0.149,3/1/2022 10:16,-36.91275167785235
Main Engine Room,HT-207,0.426,0.351,3/1/2022 10:15,21.367521367521373
Main Engine Room,HT-207,0.0135,0.0147,3/1/2022 10:15,-8.163265306122447
Main Engine Room,HT-207,0.177,0.164,3/1/2022 10:15,7.926829268292673
Main Engine Room,HT-207,0.0703,0.0801,3/1/2022 10:15,-12.234706616729092
Main Engine Room,HT-207,0.119,0.303,3/1/2022 10:16,-60.726072607260726
Main Engine Room,HT-207,0.00298,0.0118,3/1/2022 10:16,-74.7457627118644
Main Engine Room,HT-207,0.189,0.216,3/1/2022 10:16,-12.499999999999998
Main Engine Room,HT-207,0.162,0.162,3/1/2022 10:16,0.0
Main Engine Room,HT-207,0.619,0.183,3/1/2022 10:14,238.25136612021856
Main Engine Room,HT-207,0.00948,0.00427,3/1/2022 10:14,122.01405152224825
Main Engine Room,HT-207,0.163,0.22,3/1/2022 10:14,-25.90909090909091
Main Engine Room,HT-207,0.124,0.182,3/1/2022 10:14,-31.868131868131865
Main Engine Room,HT-207,0.872,0.675,3/1/2022 10:13,29.185185185185176
Main Engine Room,HT-207,0.0171,0.012,3/1/2022 10:13,42.50000000000001
Main Engine Room,HT-207,0.169,0.19,3/1/2022 10:13,-11.052631578947365
Main Engine Room,HT-207,0.144,0.162,3/1/2022 10:13,-11.11111111111112
Main Engine Room,HT-207,0.846,0.526,3/1/2022 10:14,60.83650190114067
Main Engine Room,HT-207,0.0116,0.0122,3/1/2022 10:14,-4.9180327868852585
Main Engine Room,HT-207,0.135,0.152,3/1/2022 10:14,-11.18421052631578
Main Engine Room,HT-207,0.0854,0.095,3/1/2022 10:14,-10.105263157894735
Main Engine Room,HT-207,0.544,0.383,3/1/2022 10:13,42.03655352480419
Main Engine Room,HT-207,0.00668,0.00656,3/1/2022 10:13,1.8292682926829316
Main Engine Room,HT-207,0.161,0.152,3/1/2022 10:12,5.921052631578952
Main Engine Room,HT-207,0.0855,0.0922,3/1/2022 10:12,-7.266811279826461
Main Engine Room,HT-207,0.216,0.179,3/1/2022 10:13,20.670391061452516
Main Engine Room,HT-207,0.00549,0.00179,3/1/2022 10:13,206.70391061452514
Main Engine Room,HT-207,0.1,0.104,3/1/2022 10:13,-3.8461538461538365
Main Engine Room,HT-207,0.0678,0.0606,3/1/2022 10:13,11.881188118811878
Main Engine Room,HT-208,0.682,0.626,3/31/2022 13:02,8.945686900958474
Main Engine Room,HT-208,0.0231,0.0206,3/31/2022 13:02,12.135922330097081
Main Engine Room,HT-208,0.334,0.294,3/31/2022 13:02,13.60544217687076
Main Engine Room,HT-208,0.276,0.196,3/31/2022 13:02,40.81632653061225
Main Engine Room,HT-208,0.514,0.313,3/31/2022 13:03,64.21725239616613
Main Engine Room,HT-208,0.017,0.0112,3/31/2022 13:03,51.7857142857143
Main Engine Room,HT-208,0.254,0.207,3/31/2022 13:03,22.705314009661844
Main Engine Room,HT-208,0.178,0.1,3/31/2022 13:03,77.99999999999999
Main Engine Room,HT-208,1.38,1.61,3/31/2022 13:04,-14.285714285714299
Main Engine Room,HT-208,0.0374,0.0654,3/31/2022 13:04,-42.81345565749235
Main Engine Room,HT-208,0.119,0.113,3/31/2022 13:04,5.3097345132743285
Main Engine Room,HT-208,0.0409,0.0411,3/31/2022 13:04,-0.4866180048661771
Main Engine Room,HT-208,1.29,0.458,3/31/2022 13:03,181.65938864628822
Main Engine Room,HT-208,0.0415,0.0131,3/31/2022 13:03,216.793893129771
Main Engine Room,HT-208,0.312,0.325,3/31/2022 13:03,-4.0000000000000036
Main Engine Room,HT-208,0.28,0.305,3/31/2022 13:03,-8.1967213114754
Main Engine Room,HT-208,1.04,0.638,3/31/2022 13:03,63.00940438871474
Main Engine Room,HT-208,0.0189,0.0179,3/31/2022 13:03,5.586592178770955
Main Engine Room,HT-208,0.257,0.164,3/31/2022 13:03,56.70731707317073
Main Engine Room,HT-208,0.193,0.109,3/31/2022 13:03,77.06422018348624
Main Engine Room,HT-208,0.758,0.243,3/31/2022 13:02,211.93415637860085
Main Engine Room,HT-208,0.0102,0.00444,3/31/2022 13:02,129.72972972972974
Main Engine Room,HT-208,0.144,0.101,3/31/2022 13:02,42.57425742574256
Main Engine Room,HT-208,0.126,0.0574,3/31/2022 13:02,119.51219512195121
Main Engine Room,HT-208,2.8,1.01,3/31/2022 13:01,177.22772277227722
Main Engine Room,HT-208,0.0377,0.0206,3/31/2022 13:01,83.00970873786406
Main Engine Room,HT-208,0.143,0.141,3/31/2022 13:01,1.4184397163120581
Main Engine Room,HT-208,0.0962,0.11,3/31/2022 13:01,-12.545454545454552
Main Engine Room,HT-208,1.89,1.17,3/31/2022 13:02,61.53846153846154
Main Engine Room,HT-208,0.0363,0.0204,3/31/2022 13:02,77.94117647058822
Main Engine Room,HT-208,0.156,0.173,3/31/2022 13:01,-9.826589595375717
Main Engine Room,HT-208,0.0912,0.135,3/31/2022 13:01,-32.44444444444445
Main Engine Room,HT-208,2.04,0.536,3/31/2022 13:01,280.5970149253731
Main Engine Room,HT-208,0.0281,0.00949,3/31/2022 13:01,196.10115911485775
Main Engine Room,HT-208,0.262,0.209,3/31/2022 13:00,25.35885167464116
Main Engine Room,HT-208,0.23,0.157,3/31/2022 13:00,46.49681528662421
Main Engine Room,HT-208,2.06,0.413,3/31/2022 13:01,398.78934624697337
Main Engine Room,HT-208,0.0322,0.00484,3/31/2022 13:01,565.2892561983471
Main Engine Room,HT-208,0.224,0.21,3/31/2022 13:01,6.666666666666673
Main Engine Room,HT-208,0.199,0.188,3/31/2022 13:01,5.851063829787239
Main Engine Room,HT-209,0.91,1.17,3/31/2022 13:05,-22.222222222222214
Main Engine Room,HT-209,0.0399,0.054,3/31/2022 13:05,-26.111111111111114
Main Engine Room,HT-209,0.29,0.255,3/31/2022 13:05,13.725490196078422
Main Engine Room,HT-209,0.215,0.212,3/31/2022 13:05,1.4150943396226427
Main Engine Room,HT-209,1.73,1.24,3/31/2022 13:06,39.516129032258064
Main Engine Room,HT-209,0.0805,0.0623,3/31/2022 13:06,29.213483146067414
Main Engine Room,HT-209,0.214,0.178,3/31/2022 13:06,20.224719101123597
Main Engine Room,HT-209,0.157,0.122,3/31/2022 13:06,28.68852459016394
Main Engine Room,HT-209,0.696,0.94,3/31/2022 13:07,-25.957446808510635
Main Engine Room,HT-209,0.0234,0.0392,3/31/2022 13:07,-40.306122448979586
Main Engine Room,HT-209,0.11,0.142,3/31/2022 13:07,-22.535211267605625
Main Engine Room,HT-209,0.0548,0.0721,3/31/2022 13:07,-23.99445214979195
Main Engine Room,HT-209,0.573,0.964,3/31/2022 13:06,-40.560165975103736
Main Engine Room,HT-209,0.0284,0.043,3/31/2022 13:06,-33.95348837209301
Main Engine Room,HT-209,0.259,0.216,3/31/2022 13:06,19.907407407407412
Main Engine Room,HT-209,0.202,0.154,3/31/2022 13:06,31.16883116883118
Main Engine Room,HT-209,0.84,0.603,3/31/2022 13:07,39.30348258706468
Main Engine Room,HT-209,0.0444,0.0268,3/31/2022 13:07,65.67164179104478
Main Engine Room,HT-209,0.129,0.121,3/31/2022 13:06,6.61157024793389
Main Engine Room,HT-209,0.0735,0.0846,3/31/2022 13:06,-13.120567375886525
Main Engine Room,HT-209,0.614,0.682,3/31/2022 13:05,-9.970674486803526
Main Engine Room,HT-209,0.00607,0.00652,3/31/2022 13:05,-6.901840490797545
Main Engine Room,HT-209,0.19,0.14,3/31/2022 13:04,35.7142857142857
Main Engine Room,HT-209,0.151,0.101,3/31/2022 13:04,49.50495049504949
Main Engine Room,HT-209,0.311,0.288,3/31/2022 13:04,7.986111111111119
Main Engine Room,HT-209,0.00362,0.0046,3/31/2022 13:04,-21.304347826086957
Main Engine Room,HT-209,0.415,0.38,3/31/2022 13:04,9.210526315789467
Main Engine Room,HT-209,0.347,0.334,3/31/2022 13:04,3.8922155688622615
Main Engine Room,HT-209,0.315,0.339,3/31/2022 13:04,-7.079646017699121
Main Engine Room,HT-209,0.00224,0.00413,3/31/2022 13:04,-45.76271186440678
Main Engine Room,HT-209,0.235,0.217,3/31/2022 13:04,8.294930875576032
Main Engine Room,HT-209,0.173,0.166,3/31/2022 13:04,4.216867469879505
Main Engine Room,HT-209,0.331,0.53,3/31/2022 13:03,-37.54716981132076
Main Engine Room,HT-209,0.00692,0.00482,3/31/2022 13:03,43.568464730290465
Main Engine Room,HT-209,0.361,0.364,3/31/2022 13:03,-0.8241758241758249
Main Engine Room,HT-209,0.274,0.267,3/31/2022 13:03,2.62172284644195
Main Engine Room,HT-209,0.324,0.404,3/31/2022 13:03,-19.801980198019805
Main Engine Room,HT-209,0.00283,0.00552,3/31/2022 13:03,-48.73188405797101
Main Engine Room,HT-209,0.22,0.219,3/31/2022 13:03,0.45662100456621046
Main Engine Room,HT-209,0.15,0.146,3/31/2022 13:03,2.739726027397263
Main Engine Room,HT-210,0.373,0.307,3/31/2022 13:10,21.49837133550489
Main Engine Room,HT-210,0.0155,0.0181,3/31/2022 13:10,-14.36464088397791
Main Engine Room,HT-210,0.241,0.225,3/31/2022 13:10,7.111111111111105
Main Engine Room,HT-210,0.171,0.165,3/31/2022 13:10,3.63636363636364
Main Engine Room,HT-210,0.774,0.104,3/31/2022 13:11,644.2307692307693
Main Engine Room,HT-210,0.042,0.00583,3/31/2022 13:11,620.4116638078902
Main Engine Room,HT-210,0.28,0.172,3/31/2022 13:11,62.79069767441864
Main Engine Room,HT-210,0.151,0.134,3/31/2022 13:11,12.686567164179094
Main Engine Room,HT-210,0.224,0.566,3/31/2022 13:12,-60.42402826855123
Main Engine Room,HT-210,0.0101,0.0318,3/31/2022 13:12,-68.23899371069183
Main Engine Room,HT-210,0.209,0.253,3/31/2022 13:12,-17.391304347826093
Main Engine Room,HT-210,0.202,0.233,3/31/2022 13:12,-13.304721030042918
Main Engine Room,HT-210,0.468,0.345,3/31/2022 13:11,35.6521739130435
Main Engine Room,HT-210,0.0287,0.0172,3/31/2022 13:11,66.86046511627907
Main Engine Room,HT-210,0.177,0.194,3/31/2022 13:11,-8.762886597938152
Main Engine Room,HT-210,0.149,0.134,3/31/2022 13:11,11.194029850746256
Main Engine Room,HT-210,0.332,0.194,3/31/2022 13:12,71.1340206185567
Main Engine Room,HT-210,0.018,0.00796,3/31/2022 13:12,126.13065326633163
Main Engine Room,HT-210,0.154,0.139,3/31/2022 13:12,10.791366906474808
Main Engine Room,HT-210,0.107,0.0911,3/31/2022 13:12,17.45334796926454
Main Engine Room,HT-210,0.443,0.497,3/31/2022 13:10,-10.865191146881287
Main Engine Room,HT-210,0.0079,0.0107,3/31/2022 13:10,-26.168224299065407
Main Engine Room,HT-210,0.186,0.241,3/31/2022 13:10,-22.821576763485474
Main Engine Room,HT-210,0.166,0.195,3/31/2022 13:10,-14.871794871794869
Main Engine Room,HT-210,1.69,1.8,3/31/2022 13:09,-6.111111111111116
Main Engine Room,HT-210,0.0325,0.0354,3/31/2022 13:09,-8.192090395480225
Main Engine Room,HT-210,0.605,0.563,3/31/2022 13:09,7.460035523978694
Main Engine Room,HT-210,0.491,0.572,3/31/2022 13:09,-14.160839160839156
Main Engine Room,HT-210,2.53,1.33,3/31/2022 13:09,90.22556390977441
Main Engine Room,HT-210,0.0414,0.0182,3/31/2022 13:09,127.47252747252746
Main Engine Room,HT-210,0.191,0.2,3/31/2022 13:09,-4.5000000000000036
Main Engine Room,HT-210,0.124,0.184,3/31/2022 13:09,-32.608695652173914
Main Engine Room,HT-210,0.734,0.849,3/31/2022 13:08,-13.54534746760895
Main Engine Room,HT-210,0.0119,0.0146,3/31/2022 13:08,-18.493150684931503
Main Engine Room,HT-210,0.474,0.456,3/31/2022 13:08,3.947368421052623
Main Engine Room,HT-210,0.375,0.364,3/31/2022 13:08,3.0219780219780246
Main Engine Room,HT-210,0.838,0.396,3/31/2022 13:08,111.61616161616159
Main Engine Room,HT-210,0.0136,0.00474,3/31/2022 13:08,186.91983122362868
Main Engine Room,HT-210,0.14,0.129,3/31/2022 13:08,8.527131782945743
Main Engine Room,HT-210,0.091,0.0797,3/31/2022 13:08,14.178168130489341
Main Engine Room,HT-211,1.68,0.598,3/31/2022 12:59,180.93645484949832
Main Engine Room,HT-211,0.06,0.0323,3/31/2022 12:59,85.75851393188853
Main Engine Room,HT-211,0.108,0.109,3/31/2022 12:58,-0.9174311926605512
Main Engine Room,HT-211,0.0741,0.0818,3/31/2022 12:58,-9.413202933985328
Main Engine Room,HT-211,1.05,0.876,3/31/2022 12:59,19.86301369863014
Main Engine Room,HT-211,0.0409,0.0144,3/31/2022 12:59,184.02777777777777
Main Engine Room,HT-211,0.104,0.109,3/31/2022 12:59,-4.587155963302757
Main Engine Room,HT-211,0.062,0.0694,3/31/2022 12:59,-10.6628242074928
Main Engine Room,HT-211,2.72,2.9,3/31/2022 12:57,-6.206896551724128
Main Engine Room,HT-211,0.125,0.129,3/31/2022 12:57,-3.1007751937984525
Main Engine Room,HT-211,0.125,0.147,3/31/2022 12:57,-14.965986394557817
Main Engine Room,HT-211,0.0519,0.0673,3/31/2022 12:57,-22.882615156017827
Main Engine Room,HT-211,1.29,0.786,3/31/2022 12:58,64.12213740458014
Main Engine Room,HT-211,0.0405,0.022,3/31/2022 12:58,84.09090909090911
Main Engine Room,HT-211,0.124,0.0887,3/31/2022 12:58,39.79706877113867
Main Engine Room,HT-211,0.0584,0.054,3/31/2022 12:58,8.14814814814815
Main Engine Room,HT-211,2.02,0.568,3/31/2022 12:58,255.63380281690144
Main Engine Room,HT-211,0.103,0.0188,3/31/2022 12:58,447.87234042553183
Main Engine Room,HT-211,0.151,0.134,3/31/2022 12:58,12.686567164179094
Main Engine Room,HT-211,0.057,0.0664,3/31/2022 12:58,-14.156626506024095
Main Engine Room,HT-211,1.22,0.797,3/31/2022 12:55,53.074027603513166
Main Engine Room,HT-211,0.0289,0.0194,3/31/2022 12:55,48.96907216494844
Main Engine Room,HT-211,0.121,0.114,3/31/2022 12:54,6.140350877192975
Main Engine Room,HT-211,0.0898,0.0719,3/31/2022 12:54,24.89568845618915
Main Engine Room,HT-211,0.939,0.81,3/31/2022 12:55,15.925925925925913
Main Engine Room,HT-211,0.0275,0.0135,3/31/2022 12:55,103.7037037037037
Main Engine Room,HT-211,0.119,0.127,3/31/2022 12:55,-6.2992125984252025
Main Engine Room,HT-211,0.0736,0.0753,3/31/2022 12:55,-2.257636122177964
Main Engine Room,HT-211,1.46,1.16,3/31/2022 12:57,25.86206896551725
Main Engine Room,HT-211,0.0391,0.0525,3/31/2022 12:57,-25.523809523809515
Main Engine Room,HT-211,0.113,0.0893,3/31/2022 12:57,26.53975363941769
Main Engine Room,HT-211,0.0497,0.0378,3/31/2022 12:57,31.48148148148148
Main Engine Room,HT-211,3.02,1.57,3/31/2022 12:56,92.35668789808916
Main Engine Room,HT-211,0.16,0.0709,3/31/2022 12:56,125.66995768688291
Main Engine Room,HT-211,0.137,0.115,3/31/2022 12:56,19.1304347826087
Main Engine Room,HT-211,0.0443,0.0554,3/31/2022 12:56,-20.03610108303249
Main Engine Room,HT-211,1.54,1.39,3/31/2022 12:56,10.791366906474831
Main Engine Room,HT-211,0.0586,0.0595,3/31/2022 12:56,-1.5126050420168033
Main Engine Room,HT-211,0.171,0.167,3/31/2022 12:56,2.3952095808383254
Main Engine Room,HT-211,0.0868,0.0873,3/31/2022 12:56,-0.5727376861397485
Main Engine Room,HT-211,0.795,0.733,3/31/2022 12:54,8.458390177353351
Main Engine Room,HT-211,0.0246,0.0117,3/31/2022 12:54,110.25641025641026
Main Engine Room,HT-211,0.0936,0.0447,3/31/2022 12:54,109.39597315436245
Main Engine Room,HT-211,0.0274,0.0209,3/31/2022 12:54,31.100478468899535
Main Engine Room,HT-211,0.673,0.475,3/31/2022 12:53,41.68421052631581
Main Engine Room,HT-211,0.0213,0.013,3/31/2022 12:53,63.846153846153854
Main Engine Room,HT-211,0.0996,0.101,3/31/2022 12:53,-1.3861386138613982
Main Engine Room,HT-211,0.0702,0.0873,3/31/2022 12:53,-19.587628865979386
Main Engine Room,HT-211,0.883,0.783,3/31/2022 12:53,12.771392081736908
Main Engine Room,HT-211,0.0208,0.0156,3/31/2022 12:53,33.33333333333333
Main Engine Room,HT-211,0.0637,0.055,3/31/2022 12:53,15.818181818181829
Main Engine Room,HT-211,0.035,0.0329,3/31/2022 12:53,6.38297872340427
Main Engine Room,HT-211,0.935,0.885,3/31/2022 12:52,5.649717514124299
Main Engine Room,HT-211,0.0592,0.0109,3/31/2022 12:52,443.1192660550459
Main Engine Room,HT-211,0.0997,0.0585,3/31/2022 12:52,70.4273504273504
Main Engine Room,HT-211,0.0534,0.0394,3/31/2022 12:52,35.532994923857885
Main Engine Room,HT-211,0.655,0.995,3/31/2022 12:52,-34.17085427135678
Main Engine Room,HT-211,0.0122,0.0162,3/31/2022 12:52,-24.691358024691347
Main Engine Room,HT-211,0.0772,0.0745,3/31/2022 12:52,3.6241610738255146
Main Engine Room,HT-211,0.0507,0.0568,3/31/2022 12:52,-10.73943661971831
Main Engine Room,LT-301,0.335,0.34,3/31/2022 13:02,-1.4705882352941189
Main Engine Room,LT-301,0.00542,0.00525,3/31/2022 13:02,3.2380952380952377
Main Engine Room,LT-301,0.214,0.168,3/31/2022 13:01,27.380952380952372
Main Engine Room,LT-301,0.167,0.112,3/31/2022 13:01,49.10714285714286
Main Engine Room,LT-301,0.469,0.443,3/31/2022 13:02,5.869074492099315
Main Engine Room,LT-301,0.0133,0.0126,3/31/2022 13:02,5.55555555555555
Main Engine Room,LT-301,0.243,0.255,3/31/2022 13:02,-4.70588235294118
Main Engine Room,LT-301,0.186,0.215,3/31/2022 13:02,-13.488372093023255
Main Engine Room,LT-301,0.503,0.46,3/31/2022 13:00,9.347826086956518
Main Engine Room,LT-301,0.00688,0.00675,3/31/2022 13:00,1.9259259259259247
Main Engine Room,LT-301,0.134,0.107,3/31/2022 13:00,25.233644859813094
Main Engine Room,LT-301,0.0637,0.0618,3/31/2022 13:00,3.0744336569579382
Main Engine Room,LT-301,0.419,0.385,3/31/2022 13:01,8.831168831168824
Main Engine Room,LT-301,0.00443,0.00428,3/31/2022 13:01,3.5046728971962606
Main Engine Room,LT-301,0.263,0.14,3/31/2022 13:01,87.85714285714285
Main Engine Room,LT-301,0.228,0.0948,3/31/2022 13:01,140.50632911392407
Main Engine Room,LT-301,0.426,0.334,3/31/2022 13:01,27.54491017964071
Main Engine Room,LT-301,0.00856,0.00575,3/31/2022 13:01,48.869565217391305
Main Engine Room,LT-301,0.27,0.278,3/31/2022 13:01,-2.877697841726621
Main Engine Room,LT-301,0.235,0.248,3/31/2022 13:01,-5.241935483870972
Main Engine Room,LT-301,1.03,0.698,3/31/2022 12:58,47.56446991404013
Main Engine Room,LT-301,0.0238,0.00902,3/31/2022 12:58,163.85809312638582
Main Engine Room,LT-301,0.246,0.0998,3/31/2022 12:57,146.49298597194388
Main Engine Room,LT-301,0.173,0.0681,3/31/2022 12:57,154.03817914831131
Main Engine Room,LT-301,0.64,0.642,3/31/2022 12:58,-0.3115264797507791
Main Engine Room,LT-301,0.0112,0.0156,3/31/2022 12:58,-28.205128205128204
Main Engine Room,LT-301,0.26,0.242,3/31/2022 12:58,7.438016528925627
Main Engine Room,LT-301,0.225,0.165,3/31/2022 12:58,36.36363636363636
Main Engine Room,LT-301,0.751,0.739,3/31/2022 13:00,1.623815967523682
Main Engine Room,LT-301,0.0192,0.0129,3/31/2022 13:00,48.83720930232557
Main Engine Room,LT-301,0.141,0.146,3/31/2022 13:00,-3.424657534246579
Main Engine Room,LT-301,0.0749,0.079,3/31/2022 13:00,-5.189873417721527
Main Engine Room,LT-301,0.416,0.828,3/31/2022 12:59,-49.75845410628019
Main Engine Room,LT-301,0.00645,0.0142,3/31/2022 12:59,-54.5774647887324
Main Engine Room,LT-301,0.133,0.127,3/31/2022 12:59,4.724409448818902
Main Engine Room,LT-301,0.0791,0.0836,3/31/2022 12:59,-5.3827751196172136
Main Engine Room,LT-301,1.13,0.955,3/31/2022 12:59,18.324607329842927
Main Engine Room,LT-301,0.0302,0.0158,3/31/2022 12:59,91.1392405063291
Main Engine Room,LT-301,0.337,0.366,3/31/2022 12:59,-7.923497267759555
Main Engine Room,LT-301,0.314,0.277,3/31/2022 12:59,13.357400722021652
Main Engine Room,LT-301,0.33,0.426,3/31/2022 12:57,-22.53521126760563
Main Engine Room,LT-301,0.00901,0.0172,3/31/2022 12:57,-47.61627906976744
Main Engine Room,LT-301,0.108,0.0646,3/31/2022 12:57,67.18266253869967
Main Engine Room,LT-301,0.0486,0.0377,3/31/2022 12:57,28.912466843501328
Main Engine Room,LT-301,0.41,0.299,3/31/2022 12:56,37.12374581939799
Main Engine Room,LT-301,0.0116,0.0062,3/31/2022 12:56,87.09677419354837
Main Engine Room,LT-301,0.164,0.144,3/31/2022 12:56,13.888888888888903
Main Engine Room,LT-301,0.109,0.118,3/31/2022 12:56,-7.627118644067791
Main Engine Room,LT-301,0.249,0.537,3/31/2022 12:57,-53.63128491620112
Main Engine Room,LT-301,0.00214,0.0195,3/31/2022 12:57,-89.02564102564102
Main Engine Room,LT-301,0.137,0.146,3/31/2022 12:56,-6.164383561643823
Main Engine Room,LT-301,0.072,0.101,3/31/2022 12:56,-28.71287128712872
Main Engine Room,LT-301,0.593,0.649,3/31/2022 12:55,-8.628659476117111
Main Engine Room,LT-301,0.00937,0.0267,3/31/2022 12:55,-64.90636704119851
Main Engine Room,LT-301,0.134,0.1,3/31/2022 12:55,34.0
Main Engine Room,LT-301,0.0975,0.0297,3/31/2022 12:55,228.2828282828283
Main Engine Room,LT-301,1.03,0.431,3/31/2022 12:56,138.97911832946633
Main Engine Room,LT-301,0.0216,0.00895,3/31/2022 12:56,141.34078212290504
Main Engine Room,LT-301,0.114,0.152,3/31/2022 12:56,-24.999999999999993
Main Engine Room,LT-301,0.0714,0.0665,3/31/2022 12:56,7.368421052631581
Main Engine Room,LT-304,0.274,0.442,3/31/2022 12:54,-38.009049773755656
Main Engine Room,LT-304,0.00353,0.00681,3/31/2022 12:54,-48.16446402349486
Main Engine Room,LT-304,0.133,0.136,3/31/2022 12:54,-2.2058823529411784
Main Engine Room,LT-304,0.113,0.129,3/31/2022 12:54,-12.4031007751938
Main Engine Room,LT-304,0.265,0.211,3/31/2022 12:55,25.592417061611382
Main Engine Room,LT-304,0.00288,0.00269,3/31/2022 12:55,7.063197026022307
Main Engine Room,LT-304,0.117,0.125,3/31/2022 12:55,-6.399999999999995
Main Engine Room,LT-304,0.107,0.114,3/31/2022 12:55,-6.140350877192987
Main Engine Room,LT-304,0.159,0.269,3/31/2022 12:53,-40.89219330855019
Main Engine Room,LT-304,0.0025,0.00324,3/31/2022 12:53,-22.8395061728395
Main Engine Room,LT-304,0.0465,0.0519,3/31/2022 12:53,-10.40462427745665
Main Engine Room,LT-304,0.0223,0.037,3/31/2022 12:53,-39.729729729729726
Main Engine Room,LT-304,0.184,0.385,3/31/2022 12:53,-52.20779220779222
Main Engine Room,LT-304,0.00456,0.00929,3/31/2022 12:53,-50.91496232508074
Main Engine Room,LT-304,0.0879,0.0495,3/31/2022 12:53,77.57575757575758
Main Engine Room,LT-304,0.0762,0.0293,3/31/2022 12:53,160.06825938566553
Main Engine Room,LT-304,0.189,0.394,3/31/2022 12:54,-52.030456852791886
Main Engine Room,LT-304,0.00209,0.00481,3/31/2022 12:54,-56.54885654885655
Main Engine Room,LT-304,0.0974,0.0614,3/31/2022 12:54,58.631921824104225
Main Engine Room,LT-304,0.0623,0.0355,3/31/2022 12:54,75.4929577464789
Main Engine Room,LT-304,0.239,0.523,3/31/2022 12:51,-54.30210325047802
Main Engine Room,LT-304,0.00393,0.0199,3/31/2022 12:51,-80.25125628140704
Main Engine Room,LT-304,0.143,0.135,3/31/2022 12:50,5.9259259259259105
Main Engine Room,LT-304,0.128,0.127,3/31/2022 12:50,0.7874015748031503
Main Engine Room,LT-304,0.279,0.241,3/31/2022 12:51,15.767634854771797
Main Engine Room,LT-304,0.00693,0.0052,3/31/2022 12:51,33.26923076923079
Main Engine Room,LT-304,0.139,0.125,3/31/2022 12:51,11.20000000000001
Main Engine Room,LT-304,0.107,0.102,3/31/2022 12:51,4.90196078431373
Main Engine Room,LT-304,0.173,0.219,3/31/2022 12:52,-21.00456621004567
Main Engine Room,LT-304,0.00226,0.00697,3/31/2022 12:52,-67.57532281205165
Main Engine Room,LT-304,0.0771,0.124,3/31/2022 12:52,-37.82258064516129
Main Engine Room,LT-304,0.0678,0.112,3/31/2022 12:52,-39.464285714285715
Main Engine Room,LT-304,0.178,0.331,3/31/2022 12:51,-46.223564954682786
Main Engine Room,LT-304,0.00204,0.00361,3/31/2022 12:51,-43.49030470914127
Main Engine Room,LT-304,0.106,0.0494,3/31/2022 12:51,114.5748987854251
Main Engine Room,LT-304,0.0728,0.0328,3/31/2022 12:51,121.95121951219512
Main Engine Room,LT-304,0.347,0.528,3/31/2022 12:52,-34.28030303030304
Main Engine Room,LT-304,0.00642,0.0115,3/31/2022 12:52,-44.17391304347826
Main Engine Room,LT-304,0.0841,0.0717,3/31/2022 12:52,17.294281729428164
Main Engine Room,LT-304,0.0625,0.0446,3/31/2022 12:52,40.134529147982065
Main Engine Room,LT-304,1.92,0.798,3/31/2022 12:50,140.6015037593985
Main Engine Room,LT-304,0.0217,0.0108,3/31/2022 12:50,100.92592592592592
Main Engine Room,LT-304,0.0981,0.108,3/31/2022 12:50,-9.166666666666659
Main Engine Room,LT-304,0.0788,0.0775,3/31/2022 12:50,1.677419354838704
Main Engine Room,LT-304,1.12,0.517,3/31/2022 12:49,116.63442940038686
Main Engine Room,LT-304,0.0244,0.0143,3/31/2022 12:49,70.62937062937064
Main Engine Room,LT-304,0.126,0.107,3/31/2022 12:49,17.757009345794394
Main Engine Room,LT-304,0.0909,0.0808,3/31/2022 12:49,12.499999999999996
Main Engine Room,LT-304,0.54,0.653,3/31/2022 12:50,-17.304747320061253
Main Engine Room,LT-304,0.0098,0.0216,3/31/2022 12:50,-54.629629629629626
Main Engine Room,LT-304,0.0773,0.0865,3/31/2022 12:50,-10.635838150289018
Main Engine Room,LT-304,0.0577,0.0506,3/31/2022 12:50,14.031620553359689
Main Engine Room,LT-304,1.62,0.53,3/31/2022 12:48,205.6603773584906
Main Engine Room,LT-304,0.0216,0.0174,3/31/2022 12:48,24.137931034482772
Main Engine Room,LT-304,0.156,0.119,3/31/2022 12:48,31.092436974789923
Main Engine Room,LT-304,0.0939,0.104,3/31/2022 12:48,-9.71153846153846
Main Engine Room,LT-304,0.589,0.946,3/31/2022 12:49,-37.73784355179704
Main Engine Room,LT-304,0.00722,0.0429,3/31/2022 12:49,-83.17016317016318
Main Engine Room,LT-304,0.139,0.116,3/31/2022 12:49,19.827586206896555
Main Engine Room,LT-304,0.111,0.0689,3/31/2022 12:49,61.103047895500715
Main Engine Room,LT-306,3.5,1.91,3/31/2022 13:15,83.24607329842932
Main Engine Room,LT-306,0.0838,0.0435,3/31/2022 13:15,92.64367816091955
Main Engine Room,LT-306,0.164,0.157,3/31/2022 13:15,4.458598726114653
Main Engine Room,LT-306,0.0854,0.0903,3/31/2022 13:15,-5.4263565891472885
Main Engine Room,LT-306,1.6,0.806,3/31/2022 13:15,98.51116625310173
Main Engine Room,LT-306,0.0423,0.0187,3/31/2022 13:15,126.2032085561497
Main Engine Room,LT-306,0.156,0.0976,3/31/2022 13:15,59.83606557377048
Main Engine Room,LT-306,0.0397,0.0555,3/31/2022 13:15,-28.468468468468473
Main Engine Room,LT-306,4.05,3.01,3/31/2022 13:16,34.5514950166113
Main Engine Room,LT-306,0.151,0.0925,3/31/2022 13:16,63.24324324324324
Main Engine Room,LT-306,0.203,0.114,3/31/2022 13:16,78.07017543859651
Main Engine Room,LT-306,0.0354,0.042,3/31/2022 13:16,-15.714285714285717
Main Engine Room,LT-306,3.23,1.34,3/31/2022 13:16,141.04477611940297
Main Engine Room,LT-306,0.078,0.0396,3/31/2022 13:16,96.96969696969695
Main Engine Room,LT-306,0.163,0.0884,3/31/2022 13:15,84.3891402714932
Main Engine Room,LT-306,0.063,0.0447,3/31/2022 13:15,40.93959731543625
Main Engine Room,LT-306,2.86,0.914,3/31/2022 13:16,212.91028446389495
Main Engine Room,LT-306,0.0745,0.0246,3/31/2022 13:16,202.84552845528455
Main Engine Room,LT-306,0.208,0.131,3/31/2022 13:16,58.77862595419846
Main Engine Room,LT-306,0.0698,0.0646,3/31/2022 13:16,8.049535603715164
Main Engine Room,LT-306,0.117,0.0766,3/31/2022 13:14,52.741514360313325
Main Engine Room,LT-306,0.00281,0.00153,3/31/2022 13:14,83.66013071895426
Main Engine Room,LT-306,0.0638,0.114,3/31/2022 13:14,-44.03508771929825
Main Engine Room,LT-306,0.0274,0.0717,3/31/2022 13:14,-61.785216178521615
Main Engine Room,LT-306,0.329,0.192,3/31/2022 13:14,71.35416666666667
Main Engine Room,LT-306,0.0108,0.00309,3/31/2022 13:14,249.51456310679615
Main Engine Room,LT-306,0.229,0.0854,3/31/2022 13:14,168.14988290398128
Main Engine Room,LT-306,0.178,0.0369,3/31/2022 13:14,382.3848238482385
Main Engine Room,LT-306,0.212,0.179,3/31/2022 13:14,18.435754189944138
Main Engine Room,LT-306,0.00761,0.00286,3/31/2022 13:14,166.08391608391605
Main Engine Room,LT-306,0.0631,0.0541,3/31/2022 13:14,16.635859519408505
Main Engine Room,LT-306,0.0316,0.0211,3/31/2022 13:14,49.76303317535546
Main Engine Room,LT-306,0.222,0.194,3/31/2022 13:13,14.432989690721648
Main Engine Room,LT-306,0.00716,0.00694,3/31/2022 13:13,3.1700288184438
Main Engine Room,LT-306,0.141,0.141,3/31/2022 13:13,0.0
Main Engine Room,LT-306,0.0913,0.0892,3/31/2022 13:13,2.354260089686104
Main Engine Room,LT-306,0.22,0.149,3/31/2022 13:13,47.65100671140941
Main Engine Room,LT-306,0.0063,0.00367,3/31/2022 13:13,71.66212534059945
Main Engine Room,LT-306,0.0792,0.088,3/31/2022 13:13,-9.999999999999988
Main Engine Room,LT-306,0.0461,0.0491,3/31/2022 13:13,-6.109979633401213
Main Engine Room,LT-308,6.43,10.3,3/31/2022 13:06,-37.57281553398059
Main Engine Room,LT-308,0.0993,0.103,3/31/2022 13:06,-3.592233009708733
Main Engine Room,LT-308,0.434,0.472,3/31/2022 13:06,-8.050847457627114
Main Engine Room,LT-308,0.0405,0.0928,3/31/2022 13:06,-56.357758620689644
Main Engine Room,LT-308,2.11,5.16,3/31/2022 13:07,-59.10852713178295
Main Engine Room,LT-308,0.0179,0.0998,3/31/2022 13:07,-82.06412825651303
Main Engine Room,LT-308,0.304,0.57,3/31/2022 13:06,-46.666666666666664
Main Engine Room,LT-308,0.0962,0.373,3/31/2022 13:06,-74.20911528150134
Main Engine Room,LT-308,9.36,3.92,3/31/2022 13:07,138.77551020408163
Main Engine Room,LT-308,0.0801,0.0408,3/31/2022 13:07,96.32352941176471
Main Engine Room,LT-308,0.488,0.384,3/31/2022 13:07,27.083333333333325
Main Engine Room,LT-308,0.16,0.162,3/31/2022 13:07,-1.234567901234569
Main Engine Room,LT-308,9.18,4.9,3/31/2022 13:07,87.34693877551018
Main Engine Room,LT-308,0.19,0.0659,3/31/2022 13:07,188.3156297420334
Main Engine Room,LT-308,0.396,0.587,3/31/2022 13:07,-32.53833049403747
Main Engine Room,LT-308,0.0714,0.281,3/31/2022 13:07,-74.59074733096085
Main Engine Room,LT-308,5.01,3.52,3/31/2022 13:07,42.329545454545446
Main Engine Room,LT-308,0.0369,0.0313,3/31/2022 13:07,17.891373801916934
Main Engine Room,LT-308,0.366,0.327,3/31/2022 13:07,11.92660550458715
Main Engine Room,LT-308,0.119,0.0822,3/31/2022 13:07,44.76885644768856
Main Engine Room,LT-308,0.329,0.202,3/31/2022 13:06,62.87128712871287
Main Engine Room,LT-308,0.0097,0.00778,3/31/2022 13:06,24.67866323907456
Main Engine Room,LT-308,0.138,0.175,3/31/2022 13:06,-21.14285714285713
Main Engine Room,LT-308,0.116,0.113,3/31/2022 13:06,2.6548672566371705
Main Engine Room,LT-308,0.189,0.217,3/31/2022 13:05,-12.903225806451612
Main Engine Room,LT-308,0.0041,0.00439,3/31/2022 13:05,-6.605922551252835
Main Engine Room,LT-308,0.0951,0.112,3/31/2022 13:05,-15.089285714285714
Main Engine Room,LT-308,0.0492,0.0692,3/31/2022 13:05,-28.90173410404624
Main Engine Room,LT-308,0.534,0.287,3/31/2022 13:06,86.06271777003487
Main Engine Room,LT-308,0.0103,0.00881,3/31/2022 13:06,16.91259931895573
Main Engine Room,LT-308,0.0796,0.0758,3/31/2022 13:06,5.0131926121372
Main Engine Room,LT-308,0.0553,0.0502,3/31/2022 13:06,10.159362549800797
Main Engine Room,LT-308,0.241,0.191,3/31/2022 13:05,26.178010471204182
Main Engine Room,LT-308,0.00317,0.00226,3/31/2022 13:05,40.26548672566373
Main Engine Room,LT-308,0.0762,0.0797,3/31/2022 13:05,-4.391468005018807
Main Engine Room,LT-308,0.0377,0.0338,3/31/2022 13:05,11.538461538461542
Main Engine Room,LT-308,0.291,0.242,3/31/2022 13:05,20.247933884297517
Main Engine Room,LT-308,0.00579,0.00265,3/31/2022 13:05,118.49056603773585
Main Engine Room,LT-308,0.102,0.119,3/31/2022 13:05,-14.285714285714288
Main Engine Room,LT-308,0.0715,0.0772,3/31/2022 13:05,-7.383419689119185
Main Engine Room,P-104,0.0484,0.039,3/1/2022 10:34,24.1025641025641
Main Engine Room,P-104,0.000712,0.00051,3/1/2022 10:34,39.60784313725488
Main Engine Room,P-104,0.0825,0.0962,3/1/2022 10:34,-14.241164241164231
Main Engine Room,P-104,0.0455,0.0449,3/1/2022 10:34,1.3363028953229317
Main Engine Room,P-104,0.0525,0.161,3/31/2022 13:17,-67.3913043478261
Main Engine Room,P-104,0.000327,0.00368,3/31/2022 13:17,-91.11413043478261
Main Engine Room,P-104,0.0799,0.0768,3/31/2022 13:17,4.036458333333341
Main Engine Room,P-104,0.00739,0.0426,3/31/2022 13:17,-82.65258215962442
Main Engine Room,P-104,0.0515,0.0707,3/31/2022 13:17,-27.157001414427164
Main Engine Room,P-104,0.000678,0.000937,3/31/2022 13:17,-27.641408751334044
Main Engine Room,P-104,0.11,0.12,3/31/2022 13:16,-8.33333333333333
Main Engine Room,P-104,0.0792,0.0833,3/31/2022 13:16,-4.921968787514997
Main Engine Room,P-104,0.593,0,3/31/2022 13:21,inf
Main Engine Room,P-104,0.00179,0,3/31/2022 13:21,inf
Main Engine Room,P-104,0.0726,0,3/31/2022 13:21,inf
Main Engine Room,P-104,0.0329,0,3/31/2022 13:21,inf
Main Engine Room,P-104,0.0653,0,3/31/2022 13:21,inf
Main Engine Room,P-104,0.00203,0,3/31/2022 13:21,inf
Main Engine Room,P-104,0.106,0,3/31/2022 13:21,inf
Main Engine Room,P-104,0.0555,0,3/31/2022 13:21,inf
Main Engine Room,P-106,0.105,0.0165,3/31/2022 13:22,536.3636363636364
Main Engine Room,P-106,0.00228,0.000207,3/31/2022 13:22,1001.4492753623188
Main Engine Room,P-106,0.0462,0.0513,3/31/2022 13:22,-9.941520467836257
Main Engine Room,P-106,0.0216,0.0181,3/31/2022 13:22,19.33701657458563
Main Engine Room,P-106,0.0397,0.0627,3/31/2022 13:22,-36.682615629984056
Main Engine Room,P-106,0.000723,0.00065,3/31/2022 13:22,11.230769230769237
Main Engine Room,P-106,0.0481,0.0726,3/31/2022 13:22,-33.7465564738292
Main Engine Room,P-106,0.0198,0.0366,3/31/2022 13:22,-45.90163934426229
Main Engine Room,P-106,0.0275,0.0719,3/31/2022 13:22,-61.752433936022264
Main Engine Room,P-106,0.000538,0.00109,3/31/2022 13:22,-50.64220183486239
Main Engine Room,P-106,0.0737,0.0651,3/31/2022 13:22,13.21044546850998
Main Engine Room,P-106,0.0256,0.0595,3/31/2022 13:22,-56.97478991596638
Main Engine Room,P-106,0.389,0,3/31/2022 13:18,inf
Main Engine Room,P-106,0.00642,0,3/31/2022 13:18,inf
Main Engine Room,P-106,0.0433,0,3/31/2022 13:18,inf
Main Engine Room,P-106,0.0218,0,3/31/2022 13:18,inf
Main Engine Room,P-106,0.274,0,3/31/2022 13:19,inf
Main Engine Room,P-106,0.00368,0,3/31/2022 13:19,inf
Main Engine Room,P-106,0.0367,0,3/31/2022 13:19,inf
Main Engine Room,P-106,0.0324,0,3/31/2022 13:19,inf
Main Engine Room,CONDENSER PUMP ,0.00474,0.0113,3/1/2022 10:45,-58.05309734513274
Main Engine Room,CONDENSER PUMP ,9.16e-05,0.000255,3/1/2022 10:45,-64.07843137254902
Main Engine Room,CONDENSER PUMP ,0.0235,0.0307,3/1/2022 10:45,-23.452768729641697
Main Engine Room,CONDENSER PUMP ,0.0177,0.0233,3/1/2022 10:45,-24.0343347639485
Main Engine Room,CONDENSER PUMP ,0.0421,0.0517,3/1/2022 10:45,-18.56866537717602
Main Engine Room,CONDENSER PUMP ,0.00153,0.00112,3/1/2022 10:45,36.60714285714286
Main Engine Room,CONDENSER PUMP ,0.0617,0.0364,3/1/2022 10:45,69.5054945054945
Main Engine Room,CONDENSER PUMP ,0.0518,0.0222,3/1/2022 10:45,133.33333333333331
Main Engine Room,CONDENSER PUMP ,0.0457,0.0563,3/1/2022 10:44,-18.82770870337479
Main Engine Room,CONDENSER PUMP ,0.00124,0.00101,3/1/2022 10:44,22.772277227722768
Main Engine Room,CONDENSER PUMP ,0.0558,0.0419,3/1/2022 10:44,33.17422434367543
Main Engine Room,CONDENSER PUMP ,0.0357,0.0285,3/1/2022 10:44,25.26315789473685
Main Engine Room,CONDENSER PUMP ,0.0101,0.0321,3/1/2022 10:45,-68.53582554517135
Main Engine Room,CONDENSER PUMP ,0.000142,0.000568,3/1/2022 10:45,-75.0
Main Engine Room,CONDENSER PUMP ,0.106,0.0293,3/1/2022 10:45,261.7747440273037
Main Engine Room,CONDENSER PUMP ,0.0955,0.0269,3/1/2022 10:45,255.01858736059475
Main Engine Room,CONDENSER PUMP ,0.0293,0.0198,3/1/2022 10:46,47.979797979797965
Main Engine Room,CONDENSER PUMP ,0.000272,0.000252,3/1/2022 10:46,7.936507936507936
Main Engine Room,CONDENSER PUMP ,0.131,0.0483,3/1/2022 10:46,171.2215320910973
Main Engine Room,CONDENSER PUMP ,0.132,0.0373,3/1/2022 10:46,253.887399463807
Main Engine Room,HT-502,0.445,0.603,3/31/2022 13:27,-26.202321724709783
Main Engine Room,HT-502,0.00826,0.00458,3/31/2022 13:27,80.34934497816595
Main Engine Room,HT-502,0.19,0.161,3/31/2022 13:27,18.012422360248443
Main Engine Room,HT-502,0.123,0.102,3/31/2022 13:27,20.588235294117656
Main Engine Room,HT-502,0.369,0.462,3/31/2022 13:27,-20.129870129870135
Main Engine Room,HT-502,0.00318,0.00375,3/31/2022 13:27,-15.199999999999994
Main Engine Room,HT-502,0.245,0.163,3/31/2022 13:27,50.30674846625766
Main Engine Room,HT-502,0.182,0.0801,3/31/2022 13:27,127.21598002496877
Main Engine Room,HT-502,0.285,0.645,3/31/2022 13:25,-55.81395348837211
Main Engine Room,HT-502,0.00282,0.00632,3/31/2022 13:25,-55.379746835443036
Main Engine Room,HT-502,0.17,0.155,3/31/2022 13:25,9.677419354838717
Main Engine Room,HT-502,0.137,0.145,3/31/2022 13:25,-5.517241379310331
Main Engine Room,HT-502,0.284,0.363,3/31/2022 13:26,-21.76308539944904
Main Engine Room,HT-502,0.00273,0.00628,3/31/2022 13:26,-56.52866242038217
Main Engine Room,HT-502,0.433,0.36,3/31/2022 13:26,20.277777777777782
Main Engine Room,HT-502,0.4,0.35,3/31/2022 13:26,14.285714285714299
Main Engine Room,HT-502,0.384,0.355,3/31/2022 13:26,8.16901408450705
Main Engine Room,HT-502,0.00368,0.00338,3/31/2022 13:26,8.87573964497041
Main Engine Room,HT-502,0.148,0.129,3/31/2022 13:26,14.728682170542626
Main Engine Room,HT-502,0.0941,0.0787,3/31/2022 13:26,19.56797966963151
Main Engine Room,HT-502,0.424,0.427,3/31/2022 13:28,-0.7025761124121785
Main Engine Room,HT-502,0.00361,0.00484,3/31/2022 13:28,-25.413223140495866
Main Engine Room,HT-502,0.149,0.149,3/31/2022 13:28,0.0
Main Engine Room,HT-502,0.0951,0.136,3/31/2022 13:28,-30.07352941176471
Main Engine Room,HT-502,0.583,0.468,3/31/2022 13:28,24.572649572649556
Main Engine Room,HT-502,0.00432,0.0107,3/31/2022 13:28,-59.62616822429906
Main Engine Room,HT-502,0.186,0.152,3/31/2022 13:28,22.368421052631582
Main Engine Room,HT-502,0.0945,0.0693,3/31/2022 13:28,36.36363636363637
Main Engine Room,HT-502,0.571,0.451,3/31/2022 13:30,26.60753880266074
Main Engine Room,HT-502,0.0108,0.00301,3/31/2022 13:30,258.80398671096344
Main Engine Room,HT-502,0.137,0.125,3/31/2022 13:30,9.600000000000009
Main Engine Room,HT-502,0.0795,0.074,3/31/2022 13:30,7.43243243243244
Main Engine Room,HT-502,0.355,0.355,3/31/2022 13:29,0.0
Main Engine Room,HT-502,0.00223,0.00433,3/31/2022 13:29,-48.498845265588905
Main Engine Room,HT-502,0.38,0.392,3/31/2022 13:29,-3.061224489795921
Main Engine Room,HT-502,0.372,0.384,3/31/2022 13:29,-3.1250000000000027
Main Engine Room,HT-502,0.374,0.268,3/31/2022 13:29,39.55223880597014
Main Engine Room,HT-502,0.00596,0.00435,3/31/2022 13:29,37.011494252873575
Main Engine Room,HT-502,0.256,0.173,3/31/2022 13:29,47.976878612716774
Main Engine Room,HT-502,0.172,0.121,3/31/2022 13:29,42.148760330578504
Main Engine Room,HT-502,1.36,1.14,3/31/2022 13:25,19.298245614035107
Main Engine Room,HT-502,0.0224,0.0168,3/31/2022 13:25,33.33333333333334
Main Engine Room,HT-502,0.135,0.0835,3/31/2022 13:25,61.67664670658682
Main Engine Room,HT-502,0.0702,0.0584,3/31/2022 13:25,20.205479452054792
Main Engine Room,HT-502,0.448,0.702,3/31/2022 13:24,-36.18233618233618
Main Engine Room,HT-502,0.0109,0.00697,3/31/2022 13:24,56.384505021520816
Main Engine Room,HT-502,0.206,0.181,3/31/2022 13:24,13.812154696132595
Main Engine Room,HT-502,0.162,0.156,3/31/2022 13:24,3.84615384615385
Main Engine Room,HT-502,0.689,0.805,3/31/2022 13:25,-14.40993788819877
Main Engine Room,HT-502,0.0134,0.0243,3/31/2022 13:25,-44.855967078189295
Main Engine Room,HT-502,0.0765,0.0571,3/31/2022 13:24,33.97548161120841
Main Engine Room,HT-502,0.0556,0.0343,3/31/2022 13:24,62.099125364431494
Main Engine Room,HT-502,0.534,0.779,3/31/2022 13:23,-31.45057766367137
Main Engine Room,HT-502,0.00822,0.00751,3/31/2022 13:23,9.454061251664443
Main Engine Room,HT-502,0.0808,0.104,3/31/2022 13:23,-22.307692307692307
Main Engine Room,HT-502,0.0448,0.0872,3/31/2022 13:23,-48.62385321100918
Main Engine Room,HT-502,0.614,0.483,3/31/2022 13:24,27.122153209109733
Main Engine Room,HT-502,0.00798,0.00694,3/31/2022 13:24,14.98559077809797
Main Engine Room,HT-502,0.113,0.123,3/31/2022 13:24,-8.130081300813004
Main Engine Room,HT-502,0.0702,0.0843,3/31/2022 13:24,-16.725978647686834
Main Engine Room,HT-503,0.192,0.208,3/31/2022 13:33,-7.692307692307685
Main Engine Room,HT-503,0.00286,0.00285,3/31/2022 13:33,0.35087719298245706
Main Engine Room,HT-503,0.12,0.0981,3/31/2022 13:33,22.324159021406714
Main Engine Room,HT-503,0.117,0.0833,3/31/2022 13:33,40.456182472989205
Main Engine Room,HT-503,0.331,0.152,3/31/2022 13:34,117.76315789473686
Main Engine Room,HT-503,0.00437,0.00167,3/31/2022 13:34,161.6766467065868
Main Engine Room,HT-503,0.127,0.0749,3/31/2022 13:34,69.55941255006677
Main Engine Room,HT-503,0.125,0.05,3/31/2022 13:34,149.99999999999997
Main Engine Room,HT-503,0.547,0.271,3/31/2022 13:32,101.8450184501845
Main Engine Room,HT-503,0.00827,0.00704,3/31/2022 13:32,17.4715909090909
Main Engine Room,HT-503,0.085,0.0894,3/31/2022 13:32,-4.921700223713633
Main Engine Room,HT-503,0.064,0.052,3/31/2022 13:32,23.076923076923084
Main Engine Room,HT-503,0.239,0.139,3/31/2022 13:33,71.94244604316545
Main Engine Room,HT-503,0.00214,0.002,3/31/2022 13:33,6.9999999999999964
Main Engine Room,HT-503,0.164,0.146,3/31/2022 13:33,12.328767123287683
Main Engine Room,HT-503,0.212,0.138,3/31/2022 13:33,53.62318840579709
Main Engine Room,HT-503,0.327,0.122,3/31/2022 13:33,168.0327868852459
Main Engine Room,HT-503,0.00407,0.00188,3/31/2022 13:33,116.48936170212767
Main Engine Room,HT-503,0.0781,0.0549,3/31/2022 13:33,42.25865209471768
Main Engine Room,HT-503,0.0532,0.0424,3/31/2022 13:33,25.47169811320754
Main Engine Room,HT-503,0.198,0.159,3/31/2022 13:30,24.528301886792455
Main Engine Room,HT-503,0.00212,0.00298,3/31/2022 13:30,-28.859060402684566
Main Engine Room,HT-503,0.134,0.0475,3/31/2022 13:30,182.10526315789474
Main Engine Room,HT-503,0.079,0.0395,3/31/2022 13:30,100.0
Main Engine Room,HT-503,0.307,0.151,3/31/2022 13:31,103.31125827814569
Main Engine Room,HT-503,0.00275,0.00308,3/31/2022 13:31,-10.714285714285715
Main Engine Room,HT-503,0.0528,0.0574,3/31/2022 13:31,-8.013937282229964
Main Engine Room,HT-503,0.0362,0.0334,3/31/2022 13:31,8.383233532934144
Main Engine Room,HT-503,0.432,0.391,3/31/2022 13:32,10.485933503836312
Main Engine Room,HT-503,0.00592,0.00647,3/31/2022 13:32,-8.50077279752705
Main Engine Room,HT-503,0.051,0.0585,3/31/2022 13:32,-12.82051282051283
Main Engine Room,HT-503,0.0334,0.0376,3/31/2022 13:32,-11.170212765957453
Main Engine Room,HT-503,0.339,0.288,3/31/2022 13:31,17.70833333333335
Main Engine Room,HT-503,0.00414,0.00326,3/31/2022 13:31,26.99386503067484
Main Engine Room,HT-503,0.179,0.198,3/31/2022 13:31,-9.595959595959604
Main Engine Room,HT-503,0.148,0.186,3/31/2022 13:31,-20.430107526881724
Main Engine Room,HT-503,0.169,0.164,3/31/2022 13:32,3.0487804878048808
Main Engine Room,HT-503,0.00121,0.00248,3/31/2022 13:32,-51.20967741935484
Main Engine Room,HT-503,0.0485,0.0582,3/31/2022 13:32,-16.666666666666664
Main Engine Room,HT-503,0.0413,0.0379,3/31/2022 13:32,8.970976253298153
Main Engine Room,HT-503,1.96,1.39,3/31/2022 13:30,41.00719424460432
Main Engine Room,HT-503,0.0202,0.0205,3/31/2022 13:30,-1.4634146341463494
Main Engine Room,HT-503,0.066,0.0698,3/31/2022 13:30,-5.4441260744985644
Main Engine Room,HT-503,0.0395,0.0362,3/31/2022 13:30,9.116022099447505
Main Engine Room,HT-503,1.15,0.511,3/31/2022 13:30,125.04892367906064
Main Engine Room,HT-503,0.025,0.0103,3/31/2022 13:30,142.71844660194176
Main Engine Room,HT-503,0.0555,0.0775,3/31/2022 13:29,-28.387096774193548
Main Engine Room,HT-503,0.0659,0.0796,3/31/2022 13:29,-17.211055276381913
Main Engine Room,HT-503,0.914,0.554,3/31/2022 13:30,64.98194945848374
Main Engine Room,HT-503,0.0092,0.00879,3/31/2022 13:30,4.6643913538111565
Main Engine Room,HT-503,0.0487,0.0474,3/31/2022 13:30,2.7426160337552794
Main Engine Room,HT-503,0.0336,0.0467,3/31/2022 13:30,-28.051391862955033
Main Engine Room,HT-503,1.64,0.484,3/31/2022 13:29,238.84297520661156
Main Engine Room,HT-503,0.0468,0.00829,3/31/2022 13:29,464.5355850422195
Main Engine Room,HT-503,0.056,0.0579,3/31/2022 13:29,-3.281519861830741
Main Engine Room,HT-503,0.0226,0.0365,3/31/2022 13:29,-38.082191780821915
Main Engine Room,HT-503,0.512,0.912,3/31/2022 13:29,-43.85964912280702
Main Engine Room,HT-503,0.0058,0.0122,3/31/2022 13:29,-52.459016393442624
Main Engine Room,HT-503,0.0533,0.0576,3/31/2022 13:29,-7.465277777777775
Main Engine Room,HT-503,0.0368,0.0353,3/31/2022 13:29,4.249291784702554
Smokehouses,Alkar 11,0.0658,0,3/31/2022 14:28,inf
Smokehouses,Alkar 11,0.00099,0,3/31/2022 14:28,inf
Smokehouses,Alkar 11,0.0574,0,3/31/2022 14:28,inf
Smokehouses,Alkar 11,0.0316,0,3/31/2022 14:28,inf
Smokehouses,Alkar 11,0.0335,0,3/31/2022 14:28,inf
Smokehouses,Alkar 11,0.000613,0,3/31/2022 14:28,inf
Smokehouses,Alkar 11,0.0335,0,3/31/2022 14:28,inf
Smokehouses,Alkar 11,0.018,0,3/31/2022 14:28,inf
Smokehouses,Alkar 11,1.71,0,3/31/2022 14:27,inf
Smokehouses,Alkar 11,0.0314,0,3/31/2022 14:27,inf
Smokehouses,Alkar 11,0.303,0,3/31/2022 14:27,inf
Smokehouses,Alkar 11,0.163,0,3/31/2022 14:27,inf
Smokehouses,Alkar 11,2.56,0,3/31/2022 14:27,inf
Smokehouses,Alkar 11,0.0613,0,3/31/2022 14:27,inf
Smokehouses,Alkar 11,0.2,0,3/31/2022 14:27,inf
Smokehouses,Alkar 11,0.0755,0,3/31/2022 14:27,inf
Smokehouses,Alkar 11,0.366,0,3/31/2022 14:28,inf
Smokehouses,Alkar 11,0.00753,0,3/31/2022 14:28,inf
Smokehouses,Alkar 11,0.168,0,3/31/2022 14:27,inf
Smokehouses,Alkar 11,0.0745,0,3/31/2022 14:27,inf
Smokehouses,Alkar 11,1.68,0,3/31/2022 14:26,inf
Smokehouses,Alkar 11,0.0461,0,3/31/2022 14:26,inf
Smokehouses,Alkar 11,0.325,0,3/31/2022 14:26,inf
Smokehouses,Alkar 11,0.215,0,3/31/2022 14:26,inf
Smokehouses,Alkar 11,0.924,0,3/31/2022 14:27,inf
Smokehouses,Alkar 11,0.0302,0,3/31/2022 14:27,inf
Smokehouses,Alkar 11,0.155,0,3/31/2022 14:26,inf
Smokehouses,Alkar 11,0.0861,0,3/31/2022 14:26,inf
Smokehouses,Alkar 11,2.09,0,3/31/2022 14:25,inf
Smokehouses,Alkar 11,0.0642,0,3/31/2022 14:25,inf
Smokehouses,Alkar 11,0.218,0,3/31/2022 14:25,inf
Smokehouses,Alkar 11,0.0642,0,3/31/2022 14:25,inf
Smokehouses,Alkar 2,0.209,0,3/31/2022 14:29,inf
Smokehouses,Alkar 2,0.00369,0,3/31/2022 14:29,inf
Smokehouses,Alkar 2,0.039,0,3/31/2022 14:29,inf
Smokehouses,Alkar 2,0.026,0,3/31/2022 14:29,inf
Smokehouses,Alkar 2,0.071,0,3/31/2022 14:30,inf
Smokehouses,Alkar 2,0.00121,0,3/31/2022 14:30,inf
Smokehouses,Alkar 2,0.0574,0,3/31/2022 14:30,inf
Smokehouses,Alkar 2,0.0356,0,3/31/2022 14:30,inf
Smokehouses,Alkar 2,0.211,0,3/31/2022 14:33,inf
Smokehouses,Alkar 2,0.00372,0,3/31/2022 14:33,inf
Smokehouses,Alkar 2,0.31,0,3/31/2022 14:33,inf
Smokehouses,Alkar 2,0.266,0,3/31/2022 14:33,inf
Smokehouses,Alkar 2,0.27,0,3/31/2022 14:34,inf
Smokehouses,Alkar 2,0.00647,0,3/31/2022 14:34,inf
Smokehouses,Alkar 2,0.183,0,3/31/2022 14:34,inf
Smokehouses,Alkar 2,0.138,0,3/31/2022 14:34,inf
Smokehouses,Alkar 2,0.192,0,3/31/2022 14:34,inf
Smokehouses,Alkar 2,0.00351,0,3/31/2022 14:34,inf
Smokehouses,Alkar 2,0.389,0,3/31/2022 14:34,inf
Smokehouses,Alkar 2,0.285,0,3/31/2022 14:34,inf
Smokehouses,Alkar 2,0.111,0,3/31/2022 14:33,inf
Smokehouses,Alkar 2,0.00142,0,3/31/2022 14:33,inf
Smokehouses,Alkar 2,0.192,0,3/31/2022 14:33,inf
Smokehouses,Alkar 2,0.159,0,3/31/2022 14:33,inf
Smokehouses,Alkar 2,0.14,0,3/31/2022 14:33,inf
Smokehouses,Alkar 2,0.00223,0,3/31/2022 14:33,inf
Smokehouses,Alkar 2,0.42,0,3/31/2022 14:33,inf
Smokehouses,Alkar 2,0.275,0,3/31/2022 14:33,inf
Smokehouses,Alkar 2,0.152,0,3/31/2022 14:32,inf
Smokehouses,Alkar 2,0.00325,0,3/31/2022 14:32,inf
Smokehouses,Alkar 2,0.473,0,3/31/2022 14:32,inf
Smokehouses,Alkar 2,0.379,0,3/31/2022 14:32,inf
Smokehouses,Marlin 13,0.257,0,3/31/2022 14:18,inf
Smokehouses,Marlin 13,0.0078,0,3/31/2022 14:18,inf
Smokehouses,Marlin 13,0.312,0,3/31/2022 14:18,inf
Smokehouses,Marlin 13,0.257,0,3/31/2022 14:18,inf
Smokehouses,Marlin 13,0.104,0,3/31/2022 14:19,inf
Smokehouses,Marlin 13,0.00213,0,3/31/2022 14:19,inf
Smokehouses,Marlin 13,0.202,0,3/31/2022 14:19,inf
Smokehouses,Marlin 13,0.138,0,3/31/2022 14:19,inf
Smokehouses,Marlin 13,0.249,0,3/31/2022 14:19,inf
Smokehouses,Marlin 13,0.00556,0,3/31/2022 14:19,inf
Smokehouses,Marlin 13,0.322,0,3/31/2022 14:19,inf
Smokehouses,Marlin 13,0.325,0,3/31/2022 14:19,inf
Smokehouses,Marlin 13,0.16,0,3/31/2022 14:18,inf
Smokehouses,Marlin 13,0.00439,0,3/31/2022 14:18,inf
Smokehouses,Marlin 13,0.353,0,3/31/2022 14:18,inf
Smokehouses,Marlin 13,0.303,0,3/31/2022 14:18,inf
Smokehouses,Marlin 13,0.121,0,3/31/2022 14:18,inf
Smokehouses,Marlin 13,0.00317,0,3/31/2022 14:18,inf
Smokehouses,Marlin 13,0.462,0,3/31/2022 14:18,inf
Smokehouses,Marlin 13,0.372,0,3/31/2022 14:18,inf
Smokehouses,Marlin 13,0.171,0,3/31/2022 14:17,inf
Smokehouses,Marlin 13,0.00394,0,3/31/2022 14:17,inf
Smokehouses,Marlin 13,0.82,0,3/31/2022 14:17,inf
Smokehouses,Marlin 13,0.716,0,3/31/2022 14:17,inf
Smokehouses,Marlin 9,2.71,0,3/31/2022 14:22,inf
Smokehouses,Marlin 9,0.0529,0,3/31/2022 14:22,inf
Smokehouses,Marlin 9,1.08,0,3/31/2022 14:22,inf
Smokehouses,Marlin 9,0.8,0,3/31/2022 14:22,inf
Smokehouses,Marlin 9,1.74,0,3/31/2022 14:21,inf
Smokehouses,Marlin 9,0.0262,0,3/31/2022 14:21,inf
Smokehouses,Marlin 9,0.297,0,3/31/2022 14:21,inf
Smokehouses,Marlin 9,0.179,0,3/31/2022 14:21,inf
Smokehouses,Marlin 9,1.63,0,3/31/2022 14:22,inf
Smokehouses,Marlin 9,0.0212,0,3/31/2022 14:22,inf
Smokehouses,Marlin 9,0.467,0,3/31/2022 14:22,inf
Smokehouses,Marlin 9,0.425,0,3/31/2022 14:22,inf
Smokehouses,Marlin 9,0.886,0,3/31/2022 14:14,inf
Smokehouses,Marlin 9,0.0107,0,3/31/2022 14:14,inf
Smokehouses,Marlin 9,0.407,0,3/31/2022 14:14,inf
Smokehouses,Marlin 9,0.372,0,3/31/2022 14:14,inf
Smokehouses,Marlin 9,0.216,0,3/31/2022 14:20,inf
Smokehouses,Marlin 9,0.00294,0,3/31/2022 14:20,inf
Smokehouses,Marlin 9,0.503,0,3/31/2022 14:20,inf
Smokehouses,Marlin 9,0.465,0,3/31/2022 14:20,inf
Smokehouses,Marlin 9,1.13,0,3/31/2022 14:14,inf
Smokehouses,Marlin 9,0.0174,0,3/31/2022 14:14,inf
Smokehouses,Marlin 9,0.162,0,3/31/2022 14:14,inf
Smokehouses,Marlin 9,0.0812,0,3/31/2022 14:14,inf
Smokehouses,Wins 14,0.198,0,3/31/2022 14:09,inf
Smokehouses,Wins 14,0.00443,0,3/31/2022 14:09,inf
Smokehouses,Wins 14,0.0845,0,3/31/2022 14:09,inf
Smokehouses,Wins 14,0.0733,0,3/31/2022 14:09,inf
Smokehouses,Wins 14,0.18,0,3/31/2022 14:10,inf
Smokehouses,Wins 14,0.00493,0,3/31/2022 14:10,inf
Smokehouses,Wins 14,0.071,0,3/31/2022 14:10,inf
Smokehouses,Wins 14,0.0655,0,3/31/2022 14:10,inf
Smokehouses,Wins 14,0.75,0,3/31/2022 14:14,inf
Smokehouses,Wins 14,0.0385,0,3/31/2022 14:14,inf
Smokehouses,Wins 14,0.509,0,3/31/2022 14:14,inf
Smokehouses,Wins 14,0.418,0,3/31/2022 14:14,inf
Smokehouses,Wins 14,0.914,0,3/31/2022 14:14,inf
Smokehouses,Wins 14,0.0391,0,3/31/2022 14:14,inf
Smokehouses,Wins 14,0.299,0,3/31/2022 14:14,inf
Smokehouses,Wins 14,0.205,0,3/31/2022 14:14,inf
Smokehouses,Wins 14,0.179,0,3/31/2022 14:15,inf
Smokehouses,Wins 14,0.00638,0,3/31/2022 14:15,inf
Smokehouses,Wins 14,0.131,0,3/31/2022 14:15,inf
Smokehouses,Wins 14,0.172,0,3/31/2022 14:15,inf
Smokehouses,Wins 14,0.338,0,3/31/2022 14:13,inf
Smokehouses,Wins 14,0.0124,0,3/31/2022 14:13,inf
Smokehouses,Wins 14,0.255,0,3/31/2022 14:13,inf
Smokehouses,Wins 14,0.19,0,3/31/2022 14:13,inf
Smokehouses,Wins 14,0.45,0,3/31/2022 14:14,inf
Smokehouses,Wins 14,0.0195,0,3/31/2022 14:14,inf
Smokehouses,Wins 14,0.0558,0,3/31/2022 14:14,inf
Smokehouses,Wins 14,0.0427,0,3/31/2022 14:14,inf
Smokehouses,Wins 14,0.403,0,3/31/2022 14:13,inf
Smokehouses,Wins 14,0.0187,0,3/31/2022 14:13,inf
Smokehouses,Wins 14,0.397,0,3/31/2022 14:13,inf
Smokehouses,Wins 14,0.41,0,3/31/2022 14:13,inf
